2016-12-01	0.09817913385826772	0.0819277108433735	0.007272727272727273	0.09205020920502092	0.10977859778597786	0.05917159763313609	0.0	0.1148036253776435	0.09853249475890985	0.1221606648199446	0.06534090909090909	0.024390243902439025	0.07142857142857142	0.10359869138495092	0.128	0.0	0.07386363636363637	0.08174386920980926	0.11538461538461539	0.1056338028169014	0.04	0.18556701030927836	0.11363636363636363	0.016129032258064516	2.0	0.09497206703910614	0.4122213375796178	0.1748153359127682	2017-04-17 22:50:45
2016-12-02	0.1039141665010928	0.16991643454038996	0.0	0.24739583333333334	0.10457516339869281	0.03278688524590164	0.0	0.1821561338289963	0.14393939393939395	0.11367224502683929	0.08356545961002786	0.08333333333333333	0.06521739130434782	0.12461695607763024	0.043010752688172046	0.38461538461538464	0.09210526315789473	0.11746987951807229	0.1277258566978193	0.25	0.038461538461538464	0.16393442622950818	0.12412177985948478	0.06086956521739131	0.08333333333333333	0.28126653730816725	0.12889637742207244	NULL	2017-04-17 22:52:53
2016-12-03	0.14126880313930673	0.1111111111111111	0.0125	0.06772908366533864	0.12916111850865514	0.046511627906976744	0.125	0.1837837837837838	0.15942028985507245	0.1335907335907336	0.07142857142857142	0.07692307692307693	0.11406844106463879	0.10572687224669604	0.03773584905660377	0.25	0.1927710843373494	0.09558823529411764	0.13692946058091288	0.14285714285714285	0.09090909090909091	0.08928571428571429	0.27466666666666667	0.18461538461538463	0.0	0.0851063829787234	0.49237280663080857	0.1546572934973638	2017-04-17 22:54:49
2016-12-04	0.15501767745444656	0.10762331838565023	0.0	0.1750841750841751	0.23554301833568406	0.02631578947368421	0.0	0.10215053763440861	0.1984732824427481	0.13957055214723926	0.13304721030042918	0.0	0.12802768166089964	0.16296296296296298	0.023809523809523808	0.125	0.31221719457013575	0.11708860759493671	0.08620689655172414	0.09090909090909091	0.0	0.10619469026548672	0.19507186858316222	0.04477611940298507	0.0	0.09944751381215469	0.5246152538049486	0.16033190578158457	2017-04-17 22:56:54
2016-12-05	0.11234162365086814	0.12609970674486803	0.0	0.13866666666666666	0.09221311475409837	0.12643678160919541	0.0	0.1222707423580786	0.13736263736263737	0.11305070656691604	0.09929078014184398	0.0	0.12222222222222222	0.13725490196078433	0.06060606060606061	0.0	0.09689922480620156	0.0893970893970894	0.15315315315315314	0.05042016806722689	0.0	0.044444444444444446	0.12794612794612795	0.1232876712328767	1.0	0.19911504424778761	0.3391477576405422	0.137765143232014	2017-04-17 22:59:02
2016-12-06	0.10796485878167429	0.09243697478991597	0.0	0.14492753623188406	0.1537190082644628	0.13333333333333333	0.0	0.10196078431372549	0.13373253493013973	0.12157573013357482	0.1848341232227488	1.875	0.09151785714285714	0.13423831070889894	0.2736842105263158	0.0	0.14583333333333334	0.10925925925925926	0.12527472527472527	0.04950495049504951	0.058823529411764705	0.06707317073170732	0.13211845102505695	0.13043478260869565	0.0	0.18627450980392157	0.4047805462165523	0.16003802883853588	2017-04-17 23:01:08
2016-12-07	0.10483424321544425	0.050724637681159424	0.009433962264150943	0.11910669975186104	0.11444652908067542	0.012195121951219513	0.0	0.0625	0.0614406779661017	0.139832723470988	0.07334963325183375	0.0	0.08650519031141868	0.1275465013286094	0.2	0.21428571428571427	0.09570957095709572	0.1683991683991684	0.11702127659574468	0.11016949152542373	0.0784313725490196	0.06875	0.17584097859327216	0.18181818181818182	0.0	0.1532258064516129	0.4523282921872198	0.14586960727413426	2017-04-17 23:03:05
2016-12-08	NULL	NULL	NULL	NULL	NULL	NULL	NULL	NULL	NULL	NULL	NULL	NULL	NULL	NULL	NULL	NULL	NULL	NULL	NULL	NULL	NULL	NULL	NULL	NULL	NULL	NULL	NULL	NULL	2017-04-17 23:05:01
2016-12-09	0.13301897137844063	0.1	0.0	0.11462450592885376	0.13878080415045396	0.01694915254237288	0.0	0.05945945945945946	0.09121621621621621	0.13766553741915613	0.08035714285714286	0.0	0.12790697674418605	0.11350737797956867	0.25742574257425743	0.0	0.21487603305785125	0.10179640718562874	0.14893617021276595	0.07142857142857142	0.0	0.05660377358490566	0.09740259740259741	0.23469387755102042	0.0	0.189873417721519	0.2750793062250237	0.15644904458598727	2017-04-17 23:06:56
2016-12-10	0.12775275275275275	0.13175675675675674	0.017241379310344827	0.1375	0.18151815181518152	0.109375	0.0	0.04938271604938271	0.14285714285714285	0.14541387024608501	0.15987460815047022	0.0	0.09734513274336283	0.1320754716981132	0.04477611940298507	0.14285714285714285	0.15057915057915058	0.11556603773584906	0.10891089108910891	0.044642857142857144	0.0	0.07758620689655173	0.16273584905660377	0.11864406779661017	0.23809523809523808	0.1794871794871795	0.308525452576203	0.14332171893147502	2017-04-17 23:08:50
2016-12-11	0.1383756974581525	0.07575757575757576	0.0	0.12052117263843648	0.16326530612244897	0.0	0.0	0.12669683257918551	0.2540983606557377	0.1406408094435076	0.10689655172413794	0.3333333333333333	0.05536332179930796	0.15544041450777202	0.14942528735632185	0.0	0.17452830188679244	0.14213197969543148	0.16809116809116809	0.09615384615384616	0.08823529411764706	0.2222222222222222	0.1264591439688716	0.3252032520325203	0.0	0.19289340101522842	0.30476533970515307	0.1597361055577769	2017-04-17 23:10:45
2016-12-12	0.10585337395475465	0.1021377672209026	0.0	0.09580838323353294	0.13769363166953527	0.030534351145038167	0.02857142857142857	0.05263157894736842	0.13073394495412843	0.13758975354162623	0.08041237113402062	0.041666666666666664	0.11657559198542805	0.1056338028169014	0.1111111111111111	0.0	0.1361111111111111	0.15254237288135594	0.12931034482758622	0.17269076305220885	0.19047619047619047	0.0916030534351145	0.13382507903055849	0.10869565217391304	0.32	0.12177121771217712	0.35641912027655265	0.14917936694021103	2017-04-17 23:13:03
2016-12-13	0.11831173147224992	0.08888888888888889	0.0	0.10880829015544041	0.13048780487804879	0.05263157894736842	0.25	0.14857142857142858	0.18028169014084508	0.14512922465208747	0.12669683257918551	0.08333333333333333	0.08564814814814815	0.19293478260869565	0.1794871794871795	0.0	0.11052631578947368	0.20397111913357402	0.09109730848861283	0.13125	0.058823529411764705	0.04411764705882353	0.0849194729136164	0.13846153846153847	0.0	0.13725490196078433	0.30530851021779515	0.13957108267035628	2017-04-17 23:15:28
2016-12-14	0.09609320252277505	0.08967391304347826	0.0	0.08579088471849866	0.11395348837209303	0.036585365853658534	0.14285714285714285	0.12941176470588237	0.05901639344262295	0.0968096809680968	0.14357682619647355	0.0	0.19148936170212766	0.1325910931174089	0.07272727272727272	0.0	0.08363636363636363	0.08663366336633663	0.2215909090909091	0.17424242424242425	0.13793103448275862	0.047872340425531915	0.15204678362573099	0.10112359550561797	0.0	0.12698412698412698	0.26547717842323654	0.1315213425757023	2017-04-17 23:17:20
2016-12-15	0.1264954094407864	0.13372093023255813	0.0	0.22077922077922077	0.15128205128205127	0.1388888888888889	0.0	0.10396039603960396	0.1092436974789916	0.1326373963770341	0.11570247933884298	0.16666666666666666	0.1721311475409836	0.2559912854030501	0.03296703296703297	0.0	0.16216216216216217	0.13150684931506848	0.07027027027027027	0.1297709923664122	0.0	0.109375	0.26559714795008915	0.11904761904761904	0.0	0.1746987951807229	0.2985287337049922	0.14291284850848118	2017-04-17 23:20:15
2016-12-16	0.12158836689038031	0.1076388888888889	0.0	0.09734513274336283	0.1493212669683258	0.08139534883720931	0.0	0.07407407407407407	0.2683982683982684	0.11476426799007444	0.15867158671586715	1.75	0.10294117647058823	0.1344019728729963	0.15625	0.25	0.26337448559670784	0.13810741687979539	0.12979351032448377	0.0660377358490566	0.07142857142857142	0.16666666666666666	0.18568232662192394	0.10752688172043011	0.0	0.18382352941176472	0.30668138041733545	0.13042616451932607	2017-04-17 23:23:04
2016-12-17	0.11860174781523096	0.11969111969111969	0.01694915254237288	0.26865671641791045	0.1643002028397566	0.1694915254237288	0.0	0.11666666666666667	0.08796296296296297	0.1251480457954994	0.12	0.0	0.16170212765957448	0.19322990126939352	0.045454545454545456	0.16666666666666666	0.06289308176100629	0.13313609467455623	0.1245674740484429	0.042105263157894736	0.0	0.25	0.1908831908831909	0.12244897959183673	0.0	0.125	0.28205260178084307	0.18643707482993196	2017-04-17 23:25:47
2016-12-18	0.11725506876506452	0.06635071090047394	0.0	0.12735849056603774	0.15619694397283532	0.0625	0.0	0.19607843137254902	0.13178294573643412	0.1147838721394842	0.12840466926070038	0.0	0.1717557251908397	0.1477900552486188	0.16901408450704225	0.0	0.21764705882352942	0.2271062271062271	0.13003095975232198	0.0847457627118644	0.1111111111111111	0.16	0.163727959697733	0.10256410256410256	0.1111111111111111	0.2	0.28026003508409864	0.13753291472554183	2017-04-17 23:28:22
2016-12-19	0.10922431865828092	0.0889487870619946	0.027777777777777776	0.20224719101123595	0.11974110032362459	0.022727272727272728	0.0	0.0855614973262032	0.0855397148676171	0.11766342141863699	0.17901234567901234	0.0	0.134375	0.1134133042529989	0.022727272727272728	0.18181818181818182	0.08713692946058091	0.13644214162348878	0.14534883720930233	0.11594202898550725	0.058823529411764705	0.13194444444444445	0.1782051282051282	0.0661764705882353	0.0	0.18	0.32449773850846747	0.126	2017-04-17 23:30:30
2016-12-20	0.10822543792840822	0.20095693779904306	0.06666666666666667	0.09230769230769231	0.21151079136690648	0.05405405405405406	0.047619047619047616	0.12871287128712872	0.10714285714285714	0.12076648841354724	0.15550239234449761	0.7	0.14518760195758565	0.1194888178913738	0.15254237288135594	0.0	0.12140575079872204	0.14468085106382977	0.1	0.06	0.05714285714285714	0.16473988439306358	0.18661639962299717	0.24	0.0	0.23297491039426524	0.32924260834345886	0.12583060858559222	2017-04-17 23:32:33
2016-12-21	0.10528072078084591	0.03836317135549872	0.0	0.08214285714285714	0.13535911602209943	0.03409090909090909	0.16666666666666666	0.0546875	0.09234234234234234	0.12890255439924314	0.09073359073359073	0.0	0.14531548757170173	0.12701252236135957	0.19576719576719576	0.0	0.0781563126252505	0.12303664921465969	0.07268722466960352	0.17532467532467533	0.0	0.14659685863874344	0.15644555694618273	0.056962025316455694	0.18518518518518517	0.0671462829736211	0.28446809438653115	0.13022459462181488	2017-04-17 23:35:03
2016-12-22	0.11442744240793677	0.07207207207207207	0.0	0.08659217877094973	0.13617021276595745	0.14423076923076922	0.0	0.07394366197183098	0.078125	0.16082837629433797	0.12359550561797752	0.0	0.12276785714285714	0.11009174311926606	0.03787878787878788	0.0	0.12045454545454545	0.10269576379974327	0.12338858195211787	0.04145077720207254	0.07692307692307693	0.038461538461538464	0.18829516539440203	0.10384615384615385	0.05660377358490566	0.14336917562724014	0.2894397310083278	0.13942164364503626	2017-04-17 23:37:51
2016-12-23	0.11524756189047262	0.08888888888888889	0.0	0.12158054711246201	0.15134529147982062	0.0	0.0	0.08814589665653495	0.0931899641577061	0.13087248322147652	0.11206896551724138	0.0	0.13114754098360656	0.14358538657604078	0.0761904761904762	0.0	0.08494208494208494	0.13202247191011235	0.1951219512195122	0.125	0.041666666666666664	0.11347517730496454	0.17164179104477612	0.03676470588235294	0.02	0.1550632911392405	0.23945536834899023	0.12588843420202456	2017-04-17 23:40:14
2016-12-24	0.1458540218470705	0.06201550387596899	0.0	0.08247422680412371	0.16380449141347425	0.13095238095238096	0.0	0.1497005988023952	0.07357859531772576	0.13546160483175151	0.2288135593220339	0.0	0.11246200607902736	0.13144058885383805	0.1574074074074074	0.0	0.07446808510638298	0.15284552845528454	0.15675675675675677	0.13402061855670103	0.0	0.008264462809917356	0.15502555366269166	0.4157303370786517	0.0	0.22868217054263565	0.24525720539948923	0.1341991341991342	2017-04-17 23:42:07
2016-12-25	0.13643638303547612	0.08287292817679558	0.0	0.16408668730650156	0.13746630727762804	0.13846153846153847	0.0	0.15577889447236182	0.1581196581196581	0.1562137049941928	0.1282051282051282	0.2857142857142857	0.16184971098265896	0.14098360655737704	0.04878048780487805	0.35294117647058826	0.1737891737891738	0.12456140350877193	0.11560693641618497	0.08	0.16666666666666666	0.2684563758389262	0.1570552147239264	0.11688311688311688	0.10204081632653061	0.2145748987854251	0.2927252643206565	0.13981538461538462	2017-04-17 23:43:51
2016-12-26	0.11142998515586343	0.051685393258426963	0.0	0.09523809523809523	0.08797327394209355	0.011904761904761904	0.0	0.12903225806451613	0.0989010989010989	0.12516680010675207	0.07479224376731301	0.038461538461538464	0.3314447592067989	0.14088159031979255	0.050359712230215826	0.0	0.07449856733524356	0.1299093655589124	0.10580912863070539	0.2214765100671141	0.034482758620689655	0.185	0.10160818713450293	0.07272727272727272	0.07692307692307693	0.2205240174672489	0.26264150943396225	0.13411715742378524	2017-04-17 23:45:52
2016-12-27	0.11093439363817098	0.08176100628930817	0.1	0.11564625850340136	0.12484394506866417	0.029850746268656716	0.0	0.11594202898550725	0.08651399491094147	0.1178343949044586	0.07692307692307693	0.05	0.1630901287553648	0.15781600598354525	0.1951219512195122	0.0	0.13782051282051283	0.09499136442141623	0.16393442622950818	0.12903225806451613	0.0	0.13875598086124402	0.21170610211706103	0.08823529411764706	0.04	0.08992805755395683	0.23555230431602048	0.12972972972972974	2017-04-17 23:47:55
2016-12-28	0.1157741082018064	0.10526315789473684	0.0	0.12037037037037036	0.10952902519167579	0.08196721311475409	0.09523809523809523	0.14122137404580154	0.07710843373493977	0.11177105831533478	0.12524850894632206	0.0	0.12526997840172785	0.12836279784780938	0.058823529411764705	0.0	0.09137055837563451	0.10677083333333333	0.17932489451476794	0.10919540229885058	1.5384615384615385	0.15207373271889402	0.13520408163265307	0.12849162011173185	0.18421052631578946	0.096	0.25708149738956565	0.14056264964086193	2017-04-17 23:49:49
2016-12-29	0.1392416148524389	0.09586466165413533	0.032520325203252036	0.2129032258064516	0.13953488372093023	0.21212121212121213	0.17857142857142858	0.10116731517509728	0.091796875	0.1413551401869159	0.13095238095238096	0.0	0.1026252983293556	0.14734480179506357	0.14634146341463414	0.0	0.06932773109243698	0.1343115124153499	0.10648148148148148	0.15254237288135594	0.016666666666666666	0.06382978723404255	0.19190751445086704	0.06217616580310881	0.0	0.05357142857142857	0.2681651855723994	0.13989772037791454	2017-04-17 23:51:55
2016-12-30	0.12017559904883848	0.142433234421365	0.4375	0.1638418079096045	0.18102613746369797	0.0	0.0	0.07053941908713693	0.23346303501945526	0.15309278350515465	0.1171875	0.0	0.11192214111922141	0.186222558667676	0.12	0.0	0.09217877094972067	0.14589235127478753	0.11270491803278689	0.25766871165644173	0.0	0.1791044776119403	0.13188220230473752	0.18947368421052632	0.0	0.2798913043478261	0.28802694039842575	0.13673117107295357	2017-04-17 23:53:45
2016-12-31	0.1444013012907965	0.22849462365591397	0.0	0.16753926701570682	0.11449451887941535	0.2571428571428571	0.631578947368421	0.13846153846153847	0.18397626112759644	0.1606886657101865	0.055415617128463476	0.1111111111111111	0.21941747572815534	0.20386100386100386	0.0736196319018405	0.2647058823529412	0.176	0.2190721649484536	0.19558359621451105	0.15	0.047619047619047616	0.09090909090909091	0.19646799116997793	0.15856236786469344	0.03125	0.21951219512195122	0.3136317434024771	0.21085868941195768	2017-04-17 23:56:17
2017-01-01	0.16479269149683767	0.27722772277227725	0.04081632653061224	0.13953488372093023	0.14261460101867574	0.30434782608695654	0.0	0.12737642585551331	0.1072	0.17859308671922378	0.10416666666666667	0.5714285714285714	0.10989010989010989	0.16970998925886144	0.06779661016949153	0.0	0.12135922330097088	0.09602649006622517	0.15081967213114755	0.16	0.0	0.11971830985915492	0.16907216494845362	0.125	0.12849162011173185	0.2664949583516002	0.1724137931034483	NULL	2017-04-18 00:07:28
2017-01-02	0.1672591026995869	0.07951070336391437	0.0	0.19165085388994307	0.10893098782138025	0.05660377358490566	0.2714285714285714	0.10562180579216354	0.09682804674457429	0.17004805125467165	0.12561576354679804	0.0	0.15242494226327943	0.22254616132167152	0.21428571428571427	0.0	0.23548387096774193	0.14093959731543623	0.09946236559139784	0.09523809523809523	0.0	0.6694214876033058	0.1378026070763501	0.018867924528301886	0.0	0.1453900709219858	0.3162063261316357	0.1608680057388809	2017-04-18 00:10:03
2017-01-03	0.12066291125806189	0.09090909090909091	0.3076923076923077	0.11238532110091744	0.14423076923076922	0.058333333333333334	0.1518987341772152	0.15891472868217055	0.13063063063063063	0.1327084361124815	0.03755868544600939	0.04417670682730924	0.15089514066496162	0.0	0.0	0.11661807580174927	0.1146384479717813	0.08083832335329341	0.06956521739130435	0.07142857142857142	0.14189189189189189	0.18695652173913044	0.04411764705882353	0.0	0.15217391304347827	0.26824865721581403	0.1571863483416119	NULL	2017-04-18 00:12:17
2017-01-04	0.11853701527614571	0.07221006564551423	0.0	0.07518796992481203	0.11529271206690561	0.03571428571428571	0.0	0.04925053533190578	0.12763157894736843	0.13403880070546736	0.1271393643031785	0.0	0.08506944444444445	0.12932723709993468	0.07317073170731707	0.0	0.1079136690647482	0.0824891461649783	0.14173228346456693	0.033783783783783786	0.1111111111111111	0.06306306306306306	0.1341772151898734	0.17857142857142858	0.375	0.06417112299465241	0.2654235914065667	0.14017754868270332	2017-04-18 00:14:21
2017-01-05	0.10053554040895812	0.13530655391120508	0.0	0.09833024118738404	0.12335092348284961	0.08888888888888889	0.1111111111111111	0.15546218487394958	0.10104529616724739	0.13219954648526078	0.10952380952380952	0.16666666666666666	0.051490514905149054	0.1128165771297007	0.08490566037735849	0.0	0.1951219512195122	0.07819548872180451	0.15028901734104047	0.23684210526315788	0.0	0.07692307692307693	0.08957654723127036	0.021052631578947368	0.0	0.12041884816753927	0.23050659043989202	0.12982552548426982	2017-04-18 00:16:21
2017-01-06	0.11723124942623703	0.14603960396039603	2.4	0.2702127659574468	0.14625850340136054	0.1	0.03333333333333333	0.3159340659340659	0.10836501901140684	0.1080680977054034	0.1111111111111111	0.0	0.10273972602739725	0.1214109926168991	0.07462686567164178	0.0	0.14775160599571735	0.09979633401221996	0.1174785100286533	0.09022556390977443	0.0	0.031914893617021274	0.16844349680170576	0.03409090909090909	0.0	0.12087912087912088	0.2631891811561896	0.11864661654135339	2017-04-18 00:18:46
2017-01-07	0.20915905123729336	0.08695652173913043	0.0	0.5477707006369427	0.19283536585365854	0.3211009174311927	0.34285714285714286	0.6353887399463807	0.07468123861566485	0.14596577017114915	0.08	0.0	0.12747252747252746	0.15377446411929171	0.13513513513513514	0.0	0.15018315018315018	0.136	0.1475054229934924	0.11926605504587157	0.0	0.1910828025477707	0.1586998087954111	0.140625	0.0	0.15469613259668508	0.2747925065212236	0.16986416468281754	2017-04-18 00:21:16
2017-01-08	0.2638930459942133	0.29846938775510207	0.1	1.0326678765880217	0.3047550432276657	0.11235955056179775	0.022222222222222223	0.9123809523809524	0.06888888888888889	0.1525649566955363	0.2222222222222222	0.0	0.07169811320754717	0.1625	0.1984732824427481	0.041666666666666664	0.09933774834437085	0.15987460815047022	0.1570796460176991	0.07608695652173914	0.0	0.09523809523809523	0.3068702290076336	0.0821917808219178	0.0	0.13059701492537312	0.3053712060879568	0.18834498834498833	2017-04-18 00:23:22
2017-01-09	0.19032878775202877	0.16052631578947368	0.0	0.5498981670061099	0.22552574329224076	0.10666666666666667	0.0	0.5	0.1425891181988743	0.12544731610337972	0.13001605136436598	0.0	0.08782435129740519	0.09630146545708304	0.19626168224299065	0.043478260869565216	0.11775362318840579	0.10822510822510822	0.07789473684210527	0.14655172413793102	0.0	0.12269938650306748	0.09433962264150944	0.017241379310344827	0.0	0.08860759493670886	0.2688882063882064	0.13267813267813267	2017-04-18 00:25:20
2017-01-10	0.09411848781533624	0.19923371647509577	0.0	0.07806691449814127	0.11503347534996956	0.07352941176470588	0.041666666666666664	0.07479224376731301	0.11413043478260869	0.09692307692307692	0.08294930875576037	0.0603290676416819	0.1263517359134889	0.10303030303030303	0.037037037037037035	0.06701030927835051	0.10865874363327674	0.10185185185185185	0.16722408026755853	0.0	0.09644670050761421	0.12379807692307693	0.02040816326530612	0.09090909090909091	0.045936395759717315	0.21398067768132176	0.1292931661001055	NULL	2017-04-18 00:27:29
2017-01-11	0.02920051807370776	0.061224489795918366	0.0	0.027692307692307693	0.09198813056379822	0.08	0.0	0.05319148936170213	0.08035714285714286	0.042028482111844394	0.07614213197969544	0.0	0.022792022792022793	0.03898305084745763	0.07142857142857142	0.0	0.064	0.04452054794520548	0.06363636363636363	0.02702702702702703	0.5714285714285714	0.016666666666666666	0.039711191335740074	0.16666666666666666	0.03773584905660377	0.15176908752327747	0.07377557346559206	NULL	2017-04-18 00:29:30
2017-01-12	0.08583528699992438	0.08928571428571429	0.3	0.09466019417475728	0.1031331592689295	0.10309278350515463	0.05405405405405406	0.08883248730964467	0.0791599353796446	0.09397066811515481	0.07602339181286549	0.0	0.08960573476702509	0.094	0.038834951456310676	0.0	0.2171945701357466	0.1259351620947631	0.13255360623781676	0.07692307692307693	0.0	0.03864734299516908	0.1297709923664122	0.0625	0.0	0.11618257261410789	0.23668220543321009	0.11572342222758537	2017-04-18 00:31:39
2017-01-13	0.09195251524890143	0.13839285714285715	0.0	0.08520179372197309	0.12220089571337173	0.10884353741496598	0.0	0.0725	0.0995405819295559	0.0942622950819672	0.1213768115942029	1.5	0.0273972602739726	0.13287585776668745	0.058823529411764705	0.0	0.10483870967741936	0.1394700139470014	0.10474308300395258	0.07017543859649122	0.25	0.1417004048582996	0.12466487935656836	0.03278688524590164	0.3333333333333333	0.09968847352024922	0.23807399272427757	0.12562772701078456	2017-04-18 00:34:14
2017-01-14	0.11637184794881446	0.06318681318681318	0.0	0.06925207756232687	0.1165821868211441	0.01694915254237288	0.0	0.10135135135135136	0.08422664624808576	0.1044365920691009	0.08781362007168458	0.06958250497017893	0.18500604594921402	0.078125	0.0	0.09117647058823529	0.14921780986762936	0.1233644859813084	0.08108108108108109	0.0	0.0658682634730539	0.14583333333333334	0.1736111111111111	0.043478260869565216	0.09634551495016612	0.2904953719574906	0.14837870482207563	NULL	2017-04-18 00:36:46
2017-01-15	0.11104713333881715	0.10579345088161209	0.0	0.08490566037735849	0.16037735849056603	0.06593406593406594	0.047619047619047616	0.10741687979539642	0.09191176470588236	0.13245257452574527	0.13011152416356878	0.06306306306306306	0.13786650031191516	0.07518796992481203	0.10810810810810811	0.17148760330578514	0.10491803278688525	0.1761006289308176	0.06282722513089005	0.125	0.10344827586206896	0.1447661469933185	0.08695652173913043	0.0	0.08469055374592833	0.30791630267482006	0.16162393162393163	NULL	2017-04-18 00:38:59
2017-01-16	0.09935273047194118	0.08333333333333333	0.12	0.12730627306273062	0.10377358490566038	0.1005586592178771	0.0	0.07265774378585087	0.11957950065703023	0.11268042837187646	0.12059620596205962	0.12074829931972789	0.11390186915887851	0.06666666666666667	0.15	0.0825	0.11282051282051282	0.16221374045801526	0.1144578313253012	0.06349206349206349	0.07386363636363637	0.1028169014084507	0.12121212121212122	0.375	0.1277533039647577	0.28734587417009166	0.13736059479553903	NULL	2017-04-18 00:41:01
2017-01-17	0.0896504766227871	0.0942622950819672	0.023255813953488372	0.08813559322033898	0.1447178002894356	0.21014492753623187	0.08571428571428572	0.16511627906976745	0.07779578606158834	0.10133573079886976	0.1622746185852982	0.0	0.07557117750439367	0.10458715596330276	0.10236220472440945	0.26666666666666666	0.07855626326963906	0.133764832793959	0.12455516014234876	0.046153846153846156	0.0625	0.11673151750972763	0.10126582278481013	0.15873015873015872	0.0	0.21122112211221122	0.24167886774036115	0.13621204142531157	2017-04-18 00:43:09
2017-01-18	0.1449747332959012	0.0900562851782364	0.04	0.4785185185185185	0.14794215795328142	0.09734513274336283	0.05	0.4829443447037702	0.11147540983606558	0.10145122278957269	0.15456989247311828	0.0	0.07095926412614981	0.0908641975308642	0.07407407407407407	0.17647058823529413	0.06623376623376623	0.07612179487179487	0.10054844606946983	0.1210762331838565	0.0	0.08490566037735849	0.11329479768786127	0.1038961038961039	0.16666666666666666	0.05994550408719346	0.2573344509639564	0.1350007313149042	2017-04-18 00:45:31
2017-01-19	0.21148111332007952	0.16666666666666666	0.030303030303030304	0.45981308411214955	0.11441647597254005	0.16666666666666666	0.08333333333333333	0.15180722891566265	0.11809045226130653	0.15532390171258376	0.1602136181575434	0.11492281303602059	0.11540714704159344	0.050359712230215826	0.0	0.15308151093439365	0.17028985507246377	0.14518760195758565	0.09420289855072464	0.0	0.21395348837209302	0.17469204927211646	0.03597122302158273	0.058823529411764705	0.25139664804469275	0.2845991273520589	0.15708443589126775	NULL	2017-04-18 00:47:53
2017-01-20	0.11491737719761563	0.0945054945054945	0.023809523809523808	0.053824362606232294	0.11303630363036303	0.09782608695652174	0.0	0.03914590747330961	0.12195121951219512	0.09431096382214858	0.07975460122699386	1.0	0.1018867924528302	0.0677475390851187	0.08695652173913043	0.14705882352941177	0.10176125244618395	0.10654685494223363	0.23657718120805368	0.04878048780487805	0.0	0.04032258064516129	0.08583106267029973	0.10126582278481013	0.36363636363636365	0.038135593220338986	0.2308339467872542	0.12063197026022304	2017-04-18 00:50:11
2017-01-21	0.11665360842691738	0.09090909090909091	0.17721518987341772	0.10344827586206896	0.07204385277995301	0.018518518518518517	0.08695652173913043	0.09375	0.14523809523809525	0.058460421205519246	0.09734513274336283	0.065439672801636	0.12106017191977077	0.06097560975609756	0.0	0.059800664451827246	0.11011904761904762	0.0880503144654088	0.22012578616352202	0.0	0.105	0.13209876543209875	0.049019607843137254	0.0	0.14915254237288136	0.24830185553346587	0.140461818530229	NULL	2017-04-18 00:52:34
2017-01-22	0.1351897399859452	0.0651685393258427	0.0	0.046460176991150445	0.12367491166077739	0.0380952380952381	0.041666666666666664	0.07418397626112759	0.11567164179104478	0.06325275106143315	0.07094133697135062	0.06382978723404255	0.13392857142857142	0.09	0.015384615384615385	0.11026615969581749	0.10112359550561797	0.08095238095238096	0.06201550387596899	0.0	0.22043010752688172	0.10050251256281408	0.021739130434782608	0.0	0.08620689655172414	0.27325535446139254	0.11086744639376218	NULL	2017-04-18 00:55:04
2017-01-23	0.12304383297485723	0.04513888888888889	0.05263157894736842	0.0625	0.0976027397260274	0.05	0.07407407407407407	0.1524547803617571	0.10482180293501048	0.06516344805264862	0.090625	0.05286343612334802	0.08177570093457943	0.06060606060606061	0.047619047619047616	0.060218978102189784	0.09207708779443255	0.13403880070546736	0.14124293785310735	0.0	0.043478260869565216	0.12830188679245283	0.1595744680851064	0.0	0.08960573476702509	0.23620275944811037	0.13713061333809481	NULL	2017-04-18 00:57:16
2017-01-24	0.08288674526616649	0.06534090909090909	0.0	0.06666666666666667	0.09206349206349207	0.11428571428571428	0.03571428571428571	0.0858085808580858	0.0691588785046729	0.04951974386339381	0.15853658536585366	2.0	0.12666666666666668	0.1386861313868613	0.046153846153846156	0.0	0.10869565217391304	0.050434782608695654	0.10633484162895927	0.09701492537313433	0.3333333333333333	0.046052631578947366	0.09508716323296355	0.040983606557377046	0.0	0.1347517730496454	0.1907610753502461	0.09328614961171729	2017-04-18 00:59:13
2017-01-25	0.08864240535337795	0.16147308781869688	0.09090909090909091	0.06956521739130435	0.1302785265049416	0.2033898305084746	0.42857142857142855	0.16554054054054054	0.08196721311475409	0.03707136237256719	0.08080808080808081	0.0	0.09734513274336283	0.10067114093959731	0.09090909090909091	0.3018867924528302	0.06735751295336788	0.06220839813374806	0.15104166666666666	0.026785714285714284	0.0	0.11564625850340136	0.10549132947976879	0.0	0.0	0.09883720930232558	0.18603517788312438	0.1026926215176594	2017-04-18 01:01:25
2017-01-26	0.08672313014433973	0.16170212765957448	0.0625	0.048582995951417005	0.07153284671532846	0.1506849315068493	0.0	0.1518987341772152	0.045774647887323945	0.027187136358827885	0.05454545454545454	0.0	0.06756756756756757	0.1	0.12280701754385964	0.0	0.05485232067510549	0.14807692307692308	0.10432569974554708	0.0410958904109589	0.0	0.03389830508474576	0.0827250608272506	0.08620689655172414	0.0	0.12751677852348994	0.17513656679357723	0.11292935839274142	2017-04-18 01:04:16
2017-01-27	0.09048646853727378	0.014705882352941176	0.0	0.07835820895522388	0.18461538461538463	0.0	0.0	0.18823529411764706	0.010471204188481676	0.02363025599443994	0.11046511627906977	0.027989821882951654	0.18980667838312829	0.09375	1.0	0.03225806451612903	0.15827338129496402	0.08661417322834646	0.0	0.0	0.09259259259259259	0.06666666666666667	0.02564102564102564	0.0	0.023529411764705882	0.15336017772840876	0.09524810765349033	NULL	2017-04-18 01:06:51
2017-01-28	0.09588211546225273	0.1044776119402985	0.125	0.06285714285714286	0.060810810810810814	0.1282051282051282	0.06666666666666667	0.12637362637362637	0.05263157894736842	0.03554531117311659	0.09090909090909091	0.0	0.10989010989010989	0.08765652951699464	0.0	0.0	0.1044776119402985	0.08418367346938775	0.14358974358974358	0.041666666666666664	0.0	0.08695652173913043	0.11552346570397112	0.171875	0.0	0.15428571428571428	0.1353335050218903	0.09495967741935483	2017-04-18 01:09:06
2017-01-29	0.047432379459035674	0.0410958904109589	0.0	0.029197080291970802	0.04046242774566474	0.045454545454545456	0.0	0.008333333333333333	0.02976190476190476	0.016072183843225715	0.022857142857142857	0.0	0.03896103896103896	0.06447368421052632	0.0	0.0	0.08290155440414508	0.048701298701298704	0.034334763948497854	0.0	0.0	0.045454545454545456	0.0581039755351682	0.046511627906976744	0.0	0.07042253521126761	0.07140998959417273	0.05935971542907959	2017-04-18 01:11:52
2017-01-30	0.03954248366013072	0.021367521367521368	0.0	0.019230769230769232	0.0274442538593482	0.013888888888888888	0.2	0.03424657534246575	0.055299539170506916	0.01502086230876217	0.022950819672131147	0.0	0.03374233128834356	0.04225352112676056	0.02857142857142857	0.0	0.034722222222222224	0.031088082901554404	0.033962264150943396	0.0	0.14285714285714285	0.034482758620689655	0.026634382566585957	0.07272727272727272	0.0	0.023076923076923078	0.0541931912538057	0.03462749213011543	2017-04-18 01:14:23
2017-01-31	0.07692307692307693	0.01948051948051948	0.25	0.06785714285714285	0.06371911573472042	0.06382978723404255	0.0	0.05791505791505792	0.04666666666666667	0.039261828090165964	0.014285714285714285	0.0	0.04745762711864407	0.06778087279480037	0.038461538461538464	0.0	0.07534246575342465	0.06927175843694494	0.06744868035190615	0.08823529411764706	0.0	0.045112781954887216	0.07560975609756097	0.0821917808219178	0.0	0.03864734299516908	0.12615294519545167	0.08655438983986748	2017-04-18 01:16:16
2017-02-01	0.06576263712033516	0.0975103734439834	0.14285714285714285	0.12408272181454302	0.0	0.0	0.1044776119402985	0.10416666666666667	0.12748457847840988	0.08333333333333333	0.0	0.07783018867924528	0.14422158548233047	0.09375	0.0	0.11284046692607004	0.15789473684210525	0.20795107033639143	0.09876543209876543	0.0	0.07272727272727272	0.16176470588235295	0.1111111111111111	0.08695652173913043	0.09134615384615384	0.24329357290251144	0.12440809298321137	NULL	2017-04-18 17:05:55
2017-02-02	0.07577358490566037	0.13443396226415094	0.0	0.14285714285714285	0.1128563118091914	0.07575757575757576	0.06153846153846154	0.06811594202898551	0.11960132890365449	0.15276532137518684	0.14285714285714285	0.0	0.10192307692307692	0.13831615120274915	0.05813953488372093	0.0	0.145985401459854	0.11591355599214145	0.14240506329113925	0.010101010101010102	0.16666666666666666	0.10740740740740741	0.14175257731958762	0.2807017543859649	0.3442622950819672	0.1702127659574468	0.2352965151823925	0.1102842968899065	2017-04-18 17:10:14
2017-02-03	0.0766734887435731	0.11022044088176353	0.10397946084724005	0.10680228862047043	0.08536585365853659	0.043478260869565216	0.08603667136812412	0.10105757931844889	0.13000276014352746	0.11320754716981132	0.21428571428571427	0.09689922480620156	0.09344978165938865	0.08450704225352113	0.1	0.07803468208092486	0.1265625	0.25391849529780564	0.18461538461538463	0.0	0.11428571428571428	0.08361774744027303	0.0	0.0	0.04932735426008968	0.255231606423926	0.10421877605469401	NULL	2017-04-18 17:13:37
2017-02-04	0.07822959889349931	0.1168091168091168	0.11669658886894076	0.11293634496919917	0.030303030303030304	0.0	0.15737051792828685	0.14896988906497624	0.1596688350088705	0.14763231197771587	0.0	0.12311015118790497	0.11312849162011174	0.06481481481481481	0.21052631578947367	0.1519434628975265	0.17824074074074073	0.09090909090909091	0.14814814814814814	0.0	0.15606936416184972	0.1478102189781022	0.0	0.1111111111111111	0.07106598984771574	0.2849938875305624	0.12910481331533963	NULL	2017-04-18 17:16:19
2017-02-05	0.07506361323155217	0.17827868852459017	0.0	0.17333333333333334	0.1208418194161575	0.014285714285714285	0.14285714285714285	0.12264150943396226	0.11970802919708029	0.16160740098294304	0.14335664335664336	0.0	0.06537530266343826	0.12416851441241686	0.12173913043478261	0.0	0.10287081339712918	0.14804469273743018	0.1745635910224439	0.14349775784753363	0.0	0.14285714285714285	0.14626391096979333	0.328125	0.0	0.10380622837370242	0.3096288726833573	0.12967289719626168	2017-04-18 17:18:59
2017-02-06	0.06802879034130485	0.1596009975062344	0.0	0.10013908205841446	0.10866910866910867	0.047619047619047616	0.0196078431372549	0.09380530973451327	0.07060333761232349	0.12309852562602387	0.05138339920948617	0.029411764705882353	0.04943820224719101	0.09610849056603774	0.023622047244094488	0.037037037037037035	0.07173913043478261	0.0836197021764032	0.08759124087591241	0.078125	0.0	0.06222222222222222	0.10490463215258855	0.03418803418803419	0.14814814814814814	0.21352313167259787	0.25929997517642467	0.11338947097769493	2017-04-18 17:22:20
2017-02-07	0.07121572014683654	0.15414258188824662	0.0	0.11136890951276102	0.10011574074074074	0.12307692307692308	0.19047619047619047	0.18115942028985507	0.07282913165266107	0.0906951871657754	0.0511727078891258	0.29545454545454547	0.07306889352818371	0.10056925996204934	0.19434628975265017	0.16666666666666666	0.07964601769911504	0.14775413711583923	0.19958847736625515	0.035211267605633804	0.0	0.08974358974358974	0.102803738317757	0.015873015873015872	0.0	0.09876543209876543	0.2573057477858654	0.10004319654427646	2017-04-18 17:26:00
2017-02-08	0.07257916895478675	0.12045454545454545	0.10273972602739725	0.13549239920687375	0.0	0.06896551724137931	0.23620309050772628	0.09347442680776014	0.13530401345830328	0.0975609756097561	0.9019607843137255	0.08870967741935484	0.14487870619946092	0.14556962025316456	0.0	0.11547911547911548	0.15552995391705068	0.1656441717791411	0.09558823529411764	0.0	0.09502262443438914	0.12828947368421054	0.0	0.05	0.08490566037735849	0.2794303153611394	0.11146172638436481	NULL	2017-04-18 17:28:32
2017-02-09	0.054988254470492354	0.09183673469387756	0.0	0.04148471615720524	0.09159663865546218	0.0	0.0	0.0954653937947494	0.13114754098360656	0.0928948029123776	0.15865384615384615	0.0	0.1393643031784841	0.10319767441860465	0.03125	0.0	0.06395348837209303	0.052917232021709636	0.11403508771929824	0.17829457364341086	0.0	0.07100591715976332	0.09009009009009009	0.16304347826086957	0.07142857142857142	0.06030150753768844	0.22785013023442197	0.11340933129627453	2017-04-18 17:31:05
2017-02-10	0.058561123766135155	0.0935672514619883	0.11421319796954314	0.1162109375	0.15789473684210525	0.0	0.16056338028169015	0.12017167381974249	0.11697027804410355	0.12430939226519337	0.0	0.11684782608695653	0.1028770706190061	0.058823529411764705	0.0	0.08552631578947369	0.07390648567119155	0.13720316622691292	0.13559322033898305	0.0	0.19047619047619047	0.09977324263038549	0.13333333333333333	0.0	0.08978328173374613	0.21997099283610952	0.11625933469110658	NULL	2017-04-18 17:33:32
2017-02-11	0.05391429010291332	0.0694006309148265	0.10443037974683544	0.13125590179414542	0.20833333333333334	0.0	0.1585014409221902	0.04856512141280353	0.1262667762256916	0.09584664536741214	0.0	0.07228915662650602	0.1111111111111111	0.07526881720430108	0.0	0.11974110032362459	0.11310592459605028	0.20588235294117646	0.050314465408805034	0.0	0.12162162162162163	0.10547667342799188	0.1111111111111111	0.0	0.08762886597938144	0.2597296857189383	0.1257250085295121	NULL	2017-04-18 17:35:58
2017-02-12	0.05272268658192789	0.08231707317073171	0.0	0.06683804627249357	0.11600719424460432	0.08333333333333333	0.0	0.16761363636363635	0.075	0.11948387096774193	0.08944954128440367	0.0	0.18266978922716628	0.11325301204819277	0.09523809523809523	0.0	0.06810035842293907	0.11869918699186992	0.09501187648456057	0.06976744186046512	0.08333333333333333	0.058823529411764705	0.14917127071823205	0.07042253521126761	0.0	0.10305343511450382	0.26952557487099843	0.1331373989713446	2017-04-18 17:38:58
2017-02-13	0.0575223286593549	0.17207792207792208	0.0	0.12189616252821671	0.1601123595505618	0.15151515151515152	0.0	0.07531380753138076	0.06046511627906977	0.1154228855721393	0.11084905660377359	0.08823529411764706	0.17841409691629956	0.09347181008902077	0.1702127659574468	0.0	0.13520408163265307	0.0757825370675453	0.06666666666666667	0.0380952380952381	0.0	0.1724137931034483	0.08839779005524862	0.014705882352941176	0.0	0.08680555555555555	0.24990613853951568	0.10147102972080456	2017-04-18 17:41:55
2017-02-14	0.062361460026599674	0.11239193083573487	0.08130081300813008	0.13756613756613756	0.48717948717948717	0.17647058823529413	0.11356466876971609	0.11226611226611227	0.0972348141432457	0.08528784648187633	0.0	0.12114014251781473	0.08791208791208792	0.1782178217821782	0.0	0.14588859416445624	0.09278350515463918	0.09523809523809523	0.1450381679389313	0.0	0.05806451612903226	0.13290113452188007	0.0851063829787234	0.0	0.036036036036036036	0.23898837307986082	0.11774337600476333	NULL	2017-04-18 17:44:52
2017-02-15	0.0676794878309029	0.14560439560439561	0.0	0.11218568665377177	0.10610687022900764	0.15217391304347827	0.05555555555555555	0.17274939172749393	0.06109979633401222	0.09828356454267576	0.12472647702407003	0.030303030303030304	0.11486486486486487	0.15290102389078497	0.10743801652892562	0.15384615384615385	0.1	0.06581352833638025	0.07920792079207921	0.04054054054054054	0.0	0.04838709677419355	0.0898876404494382	0.021739130434782608	0.0	0.08029197080291971	0.23833267725145432	0.11918934240362812	2017-04-18 17:47:32
2017-02-16	0.06741178829190056	0.08426966292134831	0.06318082788671024	0.13734466971877043	0.0	0.0	0.10764872521246459	0.07368421052631578	0.11470840480274443	0.06880733944954129	0.0	0.07835051546391752	0.11512415349887133	0.10091743119266056	0.0	0.08108108108108109	0.085	0.07	0.05555555555555555	0.0	0.0859375	0.0951683748169839	0.022727272727272728	0.0	0.1822429906542056	0.23754675280516832	0.12669875424688562	NULL	2017-04-18 17:49:48
2017-02-17	0.06712554059816045	0.2147239263803681	0.09333333333333334	0.13088235294117648	0.03225806451612903	0.0	0.14685314685314685	0.10655737704918032	0.10155344307906329	0.090625	0.05263157894736842	0.048484848484848485	0.11598746081504702	0.0625	0.0	0.0873015873015873	0.10816326530612246	0.08118081180811808	0.10752688172043011	0.0	0.22058823529411764	0.10576923076923077	0.04504504504504504	0.0	0.21764705882352942	0.20511176646578622	0.10796597061098222	NULL	2017-04-18 17:52:02
2017-02-18	0.09815363177146838	0.07033639143730887	0.16475972540045766	0.1344178082191781	0.0	0.0	0.07905138339920949	0.09056603773584905	0.1098565043519172	0.0967741935483871	0.0	0.12617702448210924	0.13567362428842505	0.056	0.0	0.12121212121212122	0.10892857142857143	0.17724867724867724	0.11627906976744186	0.0	0.055248618784530384	0.133086876155268	0.09375	0.47058823529411764	0.08171206225680934	0.23116339170342645	0.12378516624040921	NULL	2017-04-18 17:54:30
2017-02-19	0.11162280701754386	0.02100840336134454	0.0	0.10649350649350649	0.12834821428571427	0.058823529411764705	0.0	0.1048951048951049	0.11566265060240964	0.11652264990835297	0.09966777408637874	0.0	0.08816120906801007	0.11484823625922888	0.09027777777777778	0.0	0.0695970695970696	0.098	0.141439205955335	0.12280701754385964	0.0	0.11299435028248588	0.1454183266932271	0.045454545454545456	0.0	0.0949367088607595	0.22642519838372036	0.14545143052938153	2017-04-18 17:57:13
2017-02-20	0.10121671662846059	0.14331210191082802	0.02336448598130841	0.05392156862745098	0.0	0.0	0.20634920634920634	0.07012987012987013	0.10149546457465065	0.10632911392405063	0.0	0.05693069306930693	0.1379857256145916	0.0	0.5454545454545454	0.0856269113149847	0.09655172413793103	0.0823045267489712	0.13333333333333333	0.0	0.06923076923076923	0.18568994889267462	0.06818181818181818	0.4	0.08421052631578947	0.20839744108834724	0.13725490196078433	NULL	2017-04-18 17:59:54
2017-02-21	0.08962029514176753	0.11781609195402298	0.07415730337078652	0.04609218436873747	0.0	0.0	0.11403508771929824	0.07420494699646643	0.09601978862154262	0.06666666666666667	0.0	0.05542725173210162	0.10756972111553785	0.03	0.0	0.11	0.1312127236580517	0.08541666666666667	0.17391304347826086	0.0	0.0	0.128500823723229	0.0898876404494382	0.0	0.12334801762114538	0.20969226459642243	0.10855646100116415	NULL	2017-04-18 18:02:56
2017-02-22	0.10938319063428271	0.12903225806451613	0.08677685950413223	0.045804464973056194	0.0	0.0	0.12598425196850394	0.08376963350785341	0.10022988505747127	0.07641921397379912	0.0	0.07242990654205607	0.10091743119266056	0.075	0.0	0.10899182561307902	0.14308681672025725	0.1111111111111111	0.017699115044247787	0.16666666666666666	0.06626506024096386	0.09970674486803519	0.08108108108108109	0.0	0.09126984126984126	0.2098225139800632	0.10569961827036989	NULL	2017-04-18 18:05:51
2017-02-23	0.10987458046281576	0.07553956834532374	1.0	0.0915032679738562	0.050101010101010104	0.06896551724137931	0.020833333333333332	0.17582417582417584	0.12264150943396226	0.09928909952606635	0.16199376947040497	0.0	0.06744868035190615	0.09751924721984602	0.125	0.05555555555555555	0.12937062937062938	0.0984251968503937	0.10460251046025104	0.15602836879432624	0.15384615384615385	0.08552631578947369	0.14381270903010032	0.11235955056179775	0.0	0.085	0.22428983120625773	0.10628083744499267	2017-04-18 18:08:36
2017-02-24	0.12755651237890203	0.12903225806451613	0.10249307479224377	0.029517351416035103	0.1111111111111111	0.0	0.08080808080808081	0.07987220447284345	0.12738679759956356	0.1864864864864865	0.0	0.03550295857988166	0.11623439000960614	0.06557377049180328	0.25	0.16382252559726962	0.18	0.1111111111111111	0.03977272727272727	0.0	0.09195402298850575	0.1738095238095238	0.04225352112676056	0.0	0.1043956043956044	0.23429799064830026	0.12626262626262627	NULL	2017-04-18 18:11:37
2017-02-25	0.14643390375559895	0.15497076023391812	0.054140127388535034	0.03540252182347236	0.0	0.36363636363636365	0.14919354838709678	0.1647940074906367	0.1271212588707189	0.09271523178807947	0.0	0.10103626943005181	0.10217391304347827	0.19047619047619047	0.0	0.1701388888888889	0.22772277227722773	0.10432569974554708	0.1111111111111111	0.0	0.09271523178807947	0.10085836909871244	0.0	0.05755395683453238	0.20975169300225735	0.12092268877275185	NULL	NULL	2017-04-18 18:14:04
2017-02-26	0.16805571412261675	0.16299559471365638	0.08256880733944955	0.11578221915920055	0.48	0.75	0.16666666666666666	0.15699658703071673	0.15857284440039643	0.09809264305177112	0.0	0.13636363636363635	0.12939841089670828	0.10493827160493827	0.0	0.06629834254143646	0.15668202764976957	0.33447098976109213	0.09	0.0	0.21052631578947367	0.124	0.029411764705882353	0.09090909090909091	0.3233082706766917	0.22840160346495877	0.1343463995855638	NULL	2017-04-18 18:16:24
2017-02-27	0.15451793199813693	0.08695652173913043	0.08979591836734693	0.09828009828009827	0.1724137931034483	0.2	0.0860655737704918	0.15488215488215487	0.120108880571623	0.07602339181286549	0.0	0.09192200557103064	0.1128254580520733	0.11711711711711711	0.0	0.19571865443425077	0.08598130841121496	0.19528619528619529	0.035398230088495575	0.0	0.10067114093959731	0.18736842105263157	0.27692307692307694	0.0	0.1437908496732026	0.24041169045538402	0.12626092804303968	NULL	2017-04-18 18:19:29
2017-02-28	0.1322667658822435	0.08504398826979472	0.17272727272727273	0.1090014064697609	0.17391304347826086	0.10526315789473684	0.07242339832869081	0.19346049046321526	0.13705463182897862	0.10920770877944326	0.0	0.1850828729281768	0.11713836477987422	0.08235294117647059	0.0	0.14984709480122324	0.11563517915309446	0.10579345088161209	0.031055900621118012	0.0	0.10884353741496598	0.10444874274661509	0.06153846153846154	0.0	0.13389121338912133	0.2520915615577356	0.16357107478949975	NULL	2017-04-18 18:22:24
2017-03-01	0.09758969386341598	0.14317180616740088	0.09339774557165861	0.09953100573215216	0.19402985074626866	0.0	0.05172413793103448	0.08823529411764706	0.09133683919180736	0.07911392405063292	0.0	0.04522613065326633	0.10548086866597725	0.05042016806722689	0.10810810810810811	0.10833333333333334	0.13333333333333333	0.0838150289017341	0.05970149253731343	0.0	0.04081632653061224	0.17530864197530865	0.058823529411764705	0.06666666666666667	0.1323529411764706	0.20204752590619668	0.12626582278481013	NULL	2017-04-18 18:36:23
2017-03-02	0.089714166492802	0.2687651331719128	0.05405405405405406	0.10056258790436005	0.18181818181818182	0.125	0.10588235294117647	0.13745704467353953	0.11584728033472803	0.0425531914893617	0.0	0.0784313725490196	0.08191808191808192	0.09523809523809523	0.09090909090909091	0.1336206896551724	0.0967741935483871	0.09427609427609428	0.25663716814159293	0.0	0.11428571428571428	0.14928909952606634	0.22807017543859648	0.02564102564102564	0.08275862068965517	0.19872616733529094	0.1576950438700498	NULL	2017-04-18 18:39:32
2017-03-03	0.08411354954685042	0.087248322147651	0.09051724137931035	0.10007818608287725	0.21428571428571427	0.0	0.07727272727272727	0.07905686546463246	0.1141966562765656	0.06818181818181818	0.1	0.06896551724137931	0.11372950819672131	0.05063291139240506	0.14285714285714285	0.06896551724137931	0.05486284289276808	0.05630026809651475	0.15447154471544716	0.0	0.11818181818181818	0.06982543640897755	0.11764705882352941	0.0	0.042682926829268296	0.19148179433601564	0.0899701629561625	NULL	2017-04-18 18:43:11
2017-03-04	0.07873134328358208	0.07936507936507936	0.08239700374531835	0.21435793731041455	0.06666666666666667	0.0	0.14333333333333334	0.16842105263157894	0.14893617021276595	0.12714776632302405	0.0	0.12857142857142856	0.1364795918367347	0.2972972972972973	0.0	0.14507772020725387	0.2301255230125523	0.032490974729241874	0.015384615384615385	0.0	0.15384615384615385	0.11661807580174927	0.17391304347826086	0.0	0.14864864864864866	0.23531796594463106	0.11961206896551724	NULL	2017-04-18 18:46:10
2017-03-05	0.07441758562769298	0.06461538461538462	0.17192982456140352	0.1325556733828208	0.0	0.0	0.13194444444444445	0.16589861751152074	0.15833602063850372	0.11475409836065574	0.0	0.13924050632911392	0.12877939529675253	0.11864406779661017	0.16666666666666666	0.14393939393939395	0.17288135593220338	0.2878787878787879	0.23809523809523808	0.0	0.0967741935483871	0.10073710073710074	0.10526315789473684	0.0	0.16292134831460675	0.24526792855238602	0.11969021356489087	NULL	2017-04-18 18:48:59
2017-03-06	0.06957800656182826	0.12307692307692308	0.1122715404699739	0.12148148148148148	0.10126582278481013	0.14285714285714285	0.10432569974554708	0.1469265367316342	0.14727061556329848	0.10948905109489052	0.0	0.09562841530054644	0.14809384164222875	0.25742574257425743	0.15384615384615385	0.11392405063291139	0.10706638115631692	0.07668711656441718	0.061946902654867256	0.0	0.039735099337748346	0.07613168724279835	0.023809523809523808	0.0	0.08536585365853659	0.23018581721653394	0.12060867931617508	NULL	2017-04-18 18:51:43
2017-03-07	0.056612353164077305	0.11320754716981132	0.0737134909596662	0.0438957475994513	0.014492753623188406	0.0	0.106	0.1037117903930131	0.06778599173035961	0.0794979079497908	0.0	0.0446685878962536	0.08860175357637287	0.16981132075471697	0.0	0.05782312925170068	0.08066298342541436	0.08872458410351201	0.12280701754385964	0.0	0.03636363636363636	0.09331259720062209	0.12698412698412698	0.0	0.0903954802259887	0.1911318632630108	0.0746996996996997	NULL	2017-04-18 18:54:38
2017-03-08	0.06981793062614101	0.1328125	0.13981042654028436	0.1314655172413793	0.07407407407407407	0.0	0.08447488584474885	0.09787234042553192	0.10198347107438016	0.1165644171779141	0.0	0.10021321961620469	0.12886209495101733	0.057971014492753624	0.0	0.08163265306122448	0.11363636363636363	0.15076335877862596	0.1144578313253012	0.0	0.1342281879194631	0.0950920245398773	0.038461538461538464	0.05263157894736842	0.13270142180094788	0.2436221267996969	0.11577832686198376	NULL	2017-04-18 18:58:08
2017-03-09	0.08662017230264314	0.072992700729927	0.25699745547073793	0.09122203098106713	0.03571428571428571	0.0	0.1040268456375839	0.05197505197505198	0.09890498057223596	0.10714285714285714	0.0	0.23397435897435898	0.1635322976287817	0.12941176470588237	0.0	0.08108108108108109	0.11568627450980393	0.15384615384615385	0.02702702702702703	0.0	0.08602150537634409	0.12210526315789473	0.030303030303030304	0.06451612903225806	0.14018691588785046	0.25665769694720236	0.09720807010393316	NULL	2017-04-18 19:01:16
2017-03-10	0.10390669091365147	0.0772626931567329	0.22670025188916876	0.147239263803681	0.24074074074074073	0.1111111111111111	0.17410714285714285	0.14626865671641792	0.11165910435983428	0.10476190476190476	0.0	0.19491525423728814	0.14661354581673305	0.16	0.16666666666666666	0.09387755102040816	0.14210526315789473	0.11666666666666667	0.09433962264150944	0.0	0.035398230088495575	0.08677685950413223	0.3466666666666667	0.0	0.2543352601156069	0.3327267361794216	0.15643013317431922	NULL	2017-04-18 19:04:48
2017-03-11	0.10983782334807667	0.06923076923076923	0.2403846153846154	0.22550052687038988	0.42857142857142855	0.0	0.13839285714285715	0.21367521367521367	0.10551409618573798	0.15	0.0	0.1930232558139535	0.1796875	0.05737704918032787	0.2857142857142857	0.08710801393728224	0.11586901763224182	0.10112359550561797	0.037383177570093455	0.0	0.23333333333333334	0.19540229885057472	0.015384615384615385	0.0	0.15060240963855423	0.3972431822232785	0.15281812899477049	NULL	2017-04-18 19:07:50
2017-03-12	0.10381385102574693	0.02181818181818182	0.2857142857142857	0.17822838847385272	0.038461538461538464	0.0	0.06696428571428571	0.06761565836298933	0.13634622749904252	0.09108527131782945	0.0	0.115	0.17281728172817282	0.007194244604316547	0.5555555555555556	0.13424657534246576	0.1384335154826958	0.2469733656174334	0.034013605442176874	0.0	0.20634920634920634	0.13333333333333333	0.15151515151515152	0.0	0.015625	0.4293158819608556	0.16978862347482385	NULL	2017-04-18 19:11:04
2017-03-13	0.09981943347252004	0.1558139534883721	0.5	0.1513911620294599	0.016666666666666666	0.1	0.17228464419475656	0.21550387596899226	0.164200140944327	0.09803921568627451	0.0	0.15019011406844107	0.1066746126340882	0.050314465408805034	0.07142857142857142	0.07591623036649214	0.08972691807542263	0.2303473491773309	0.08333333333333333	0.0	0.05851063829787234	0.12445095168374817	0.25	0.0	0.19794344473007713	0.40934900303710553	0.15492957746478872	NULL	2017-04-18 19:14:10
2017-03-14	0.10652259998868586	0.1506849315068493	0.12559241706161137	0.11713286713286714	0.03278688524590164	0.0	0.16939890710382513	0.11410788381742738	0.1276663482967208	0.12852664576802508	0.0	0.12481644640234948	0.12359550561797752	0.12244897959183673	0.043478260869565216	0.06930693069306931	0.1261682242990654	0.18162393162393162	0.07692307692307693	0.0	0.14345991561181434	0.14497041420118342	0.0963855421686747	0.058823529411764705	0.13309352517985612	0.4306030603060306	0.14442127215849843	NULL	2017-04-18 19:17:35
2017-03-15	0.11490345390263802	0.11428571428571428	0.08878504672897196	0.1259259259259259	0.0	0.0	0.17391304347826086	0.13821138211382114	0.1191672648959081	0.0967741935483871	0.0	0.07339449541284404	0.12483912483912483	0.08695652173913043	0.0	0.02510460251046025	0.1239193083573487	0.19736842105263158	0.043859649122807015	0.0	0.009615384615384616	0.06583072100313479	0.03076923076923077	0.0	0.11055276381909548	0.3353028064992615	0.15717356260075227	NULL	2017-04-18 19:20:22
2017-03-16	0.12451808711344435	0.13333333333333333	0.09090909090909091	0.12666666666666668	0.1592920353982301	0.0	0.12790697674418605	0.11286089238845144	0.1301750772399588	0.10833333333333334	0.0	0.08716707021791767	0.13430758524704245	0.1388888888888889	0.0	0.14173228346456693	0.13513513513513514	0.11835748792270531	0.13740458015267176	0.0	0.08653846153846154	0.1346153846153846	0.056179775280898875	0.16666666666666666	0.08426966292134831	0.3068162134072406	0.1624502784407319	NULL	2017-04-18 19:22:40
2017-03-17	0.15853658536585366	0.06601466992665037	0.14532019704433496	0.12550200803212852	0.5833333333333334	0.0	0.0847457627118644	0.06722689075630252	0.12943432406519656	0.12410071942446044	0.0	0.07665505226480836	0.1485482781904119	0.05128205128205128	0.09090909090909091	0.06451612903225806	0.11466165413533834	0.34663341645885287	0.1592920353982301	0.0	0.05687203791469194	0.23247863247863249	0.03389830508474576	0.0	0.044897959183673466	0.36315689442174287	0.15637594712236014	NULL	2017-04-18 19:24:59
2017-03-18	0.16832610987466323	0.12605042016806722	0.2543859649122807	0.10153482880755609	0.06896551724137931	1.4285714285714286	0.056074766355140186	0.11636363636363636	0.17709756764143209	0.13626373626373625	0.0	0.035326086956521736	0.15251299826689774	0.15	0.0	0.08060453400503778	0.26869806094182824	0.2735294117647059	0.08866995073891626	0.0	0.041666666666666664	0.20449897750511248	0.0784313725490196	0.0	0.11052631578947368	0.3928403203014602	0.1685508735868448	NULL	2017-04-18 19:27:07
2017-03-19	0.1557101360648219	0.182	0.35294117647058826	0.13617463617463618	0.0625	0.0	0.2	0.2953929539295393	0.121635939817758	0.09174311926605505	0.2608695652173913	0.06521739130434782	0.20287253141831238	0.0	0.0	0.08778625954198473	0.19213973799126638	0.5303643724696356	0.11538461538461539	0.0	0.04081632653061224	0.08577405857740586	0.03896103896103896	0.10526315789473684	0.17159763313609466	0.4395734597156398	0.14409461935698817	NULL	2017-04-18 19:29:59
2017-03-20	0.10304399268581263	0.09523809523809523	0.11854103343465046	0.16247582205029013	0.2	0.0	0.16184971098265896	0.09498680738786279	0.1180852750039626	0.14210526315789473	0.0	0.12206572769953052	0.13308823529411765	0.18055555555555555	0.1724137931034483	0.09375	0.2161290322580645	0.08270676691729323	0.08450704225352113	0.0	0.049586776859504134	0.1085972850678733	0.08641975308641975	0.0	0.1336206896551724	0.44738628649015616	0.1705890951615261	NULL	2017-04-18 19:33:34
2017-03-21	0.08545583181726299	0.08020050125313283	0.08588957055214724	0.16907514450867053	0.08641975308641975	0.0	0.026881720430107527	0.07268170426065163	0.11299265697587292	0.10585585585585586	0.0	0.0951219512195122	0.14182534471437952	0.1	0.08064516129032258	0.18032786885245902	0.1004566210045662	0.08411214953271028	0.11702127659574468	0.0	0.08791208791208792	0.17530487804878048	0.10810810810810811	0.0	0.23015873015873015	0.362013208836256	0.12646093237032174	NULL	2017-04-18 19:36:06
2017-03-22	0.09346673931348755	0.1048158640226629	0.13283208020050125	0.15172955974842767	0.06896551724137931	0.0	0.17482517482517482	0.26422764227642276	0.1322023983620942	0.07969639468690702	0.0	0.0855397148676171	0.16773778920308482	0.06584362139917696	0.038461538461538464	0.13062098501070663	0.13757396449704143	0.10416666666666667	0.14423076923076922	0.0	0.047619047619047616	0.13898916967509026	0.19230769230769232	0.17391304347826086	0.18181818181818182	0.45848660010509723	0.1637005841597609	NULL	2017-04-18 19:38:30
2017-03-23	0.07885757023325386	0.1005586592178771	0.1564245810055866	0.10617283950617284	0.07317073170731707	0.0	0.1198501872659176	0.13346613545816732	0.1000383288616328	0.12520868113522537	0.11538461538461539	0.09948979591836735	0.22202591283863368	0.02617801047120419	0.0	0.10588235294117647	0.11386861313868613	0.14342629482071714	0.13297872340425532	0.0	0.12365591397849462	0.23876404494382023	0.05263157894736842	0.08333333333333333	0.14705882352941177	0.34159426672538734	0.13046670162558993	NULL	2017-04-18 19:41:05
2017-03-24	0.11599306533752303	0.1	0.19771863117870722	0.23091603053435114	0.03571428571428571	0.0	0.23766816143497757	0.15695067264573992	0.14926539543607378	0.1085972850678733	0.0	0.1311881188118812	0.13995117982099267	0.19444444444444445	0.08	0.1037463976945245	0.09720176730486009	0.24941176470588236	0.4117647058823529	0.0	0.03731343283582089	0.12444444444444444	0.06944444444444445	0.06666666666666667	0.3254437869822485	0.431693423096841	0.1072048611111111	NULL	2017-04-18 19:43:43
2017-03-25	0.11834145768485346	0.09840425531914894	0.32989690721649484	0.17363344051446947	0.04918032786885246	0.0	0.135678391959799	0.15269461077844312	0.17676266137040714	0.05165289256198347	0.0	0.11538461538461539	0.21106259097525473	0.050980392156862744	0.0	0.0759493670886076	0.1054945054945055	0.12155963302752294	0.26842105263157895	0.0	0.14	0.1275797373358349	0.08163265306122448	0.45454545454545453	0.06179775280898876	0.4607775720708807	0.11619132171790035	NULL	2017-04-18 19:46:06
2017-03-26	0.11440751195345354	0.24213075060532688	0.05179282868525897	0.243	0.07692307692307693	0.14285714285714285	0.25842696629213485	0.10622710622710622	0.15808014090708938	0.11157894736842106	0.0	0.1691449814126394	0.1682769726247987	0.0958904109589041	0.21052631578947367	0.22997416020671835	0.1167608286252354	0.12638580931263857	0.2689655172413793	0.0	0.14925373134328357	0.19343696027633853	0.15517241379310345	0.02	0.10407239819004525	0.4127092253795251	0.1423743500866551	NULL	2017-04-18 19:50:16
2017-03-27	0.07952785344229023	0.12385321100917432	0.20689655172413793	0.14484126984126985	0.2909090909090909	0.2	0.15261044176706828	0.12698412698412698	0.17126298960831335	0.10319410319410319	0.0	0.13793103448275862	0.12798408488063662	0.10989010989010989	0.0	0.21666666666666667	0.10534351145038168	0.2261072261072261	0.12213740458015267	0.0	0.12	0.13228346456692913	0.05434782608695652	0.0	0.12598425196850394	0.4334854907075318	0.10956104496179137	NULL	2017-04-18 19:53:28
2017-03-28	0.08654586520199169	0.26601941747572816	0.07142857142857142	0.15827922077922077	0.10714285714285714	0.0	0.20819112627986347	0.10073710073710074	0.1486409427865425	0.1056701030927835	0.2857142857142857	0.1743119266055046	0.14325452016689846	0.07407407407407407	0.2647058823529412	0.22073578595317725	0.10232558139534884	0.048426150121065374	0.07526881720430108	0.0	0.1477832512315271	0.13976705490848584	0.08333333333333333	0.0	0.17034700315457413	0.39197894927864985	0.13325913184255792	NULL	2017-04-18 19:56:00
2017-03-29	0.10380622837370242	0.10649350649350649	0.1647940074906367	0.19183965640658554	0.08571428571428572	0.0	0.08713692946058091	0.11842105263157894	0.09670010878762239	0.09813084112149532	0.0625	0.1060842433697348	0.10767468499427263	0.1267605633802817	0.15789473684210525	0.1	0.11282051282051282	0.13783783783783785	0.0989010989010989	0.0	0.06132075471698113	0.10245310245310245	0.0	0.05	0.06382978723404255	0.45493971310108183	0.16811059907834103	NULL	2017-04-18 19:58:48
2017-03-30	0.0916671064436118	0.1784841075794621	0.16736401673640167	0.18173431734317344	0.1891891891891892	0.0	0.12080536912751678	0.054982817869415807	0.1161504424778761	0.05263157894736842	0.0	0.14827018121911037	0.14414414414414414	0.1724137931034483	0.14814814814814814	0.129973474801061	0.13736263736263737	0.23939393939393938	0.05384615384615385	0.0	0.075	0.053830227743271224	0.0	0.0	0.19811320754716982	0.4373547432917811	0.12001967535661584	NULL	2017-04-18 20:01:18
2017-03-31	0.12064465613989299	0.09330143540669857	0.11440677966101695	0.17211538461538461	0.07547169811320754	0.0	0.02666666666666667	0.23015873015873015	0.14871016691957512	0.21470588235294116	0.0	0.09501187648456057	0.1278501628664495	0.10975609756097561	0.0	0.1301518438177874	0.11558669001751314	0.12345679012345678	0.13978494623655913	0.0	0.05223880597014925	0.12971698113207547	0.0425531914893617	0.5454545454545454	0.22330097087378642	0.37987987987987987	0.1330715028300797	NULL	2017-04-18 20:04:35
2017-04-01	0.19579817461684174	0.23094170403587444	0.17425742574257425	0.2154178674351585	0.1016949152542373	0.0	0.25387596899224807	0.10679611650485436	0.15164835164835164	0.07246376811594203	0.0	0.08695652173913043	0.15716096324461343	0.2898550724637681	0.0	0.17424242424242425	0.07197943444730077	0.116	0.08450704225352113	0.14444444444444443	0.18387096774193548	0.08333333333333333	0.0	0.20253164556962025	0.4699156513589503	0.154890358510268	NULL	NULL	2017-04-19 16:02:19
2017-04-02	0.18760883512052057	0.1901639344262295	0.15458937198067632	0.1958041958041958	0.1016949152542373	0.18181818181818182	0.23883928571428573	0.24622030237580994	0.1830155979202773	0.1725	0.0	0.15671641791044777	0.16965352449223417	0.11450381679389313	0.0	0.08411214953271028	0.09420289855072464	0.11956521739130435	0.07194244604316546	0.22085889570552147	0.1575178997613365	0.0	0.0	0.3153153153153153	0.3981921979067555	0.17906066536203522	NULL	NULL	2017-04-19 16:04:56
2017-04-03	0.20332850940665703	0.09887005649717515	0.09772727272727273	0.15959119496855345	0.10344827586206896	0.0	0.21951219512195122	0.13734939759036144	0.22184531886024422	0.14824120603015076	0.0	0.10133333333333333	0.11396303901437371	0.1566265060240964	0.125	0.1717171717171717	0.2245508982035928	0.3263888888888889	0.03278688524590164	0.2803738317757009	0.15303430079155672	0.21951219512195122	0.0	0.1694915254237288	0.4346948194300219	0.1895312050618349	NULL	NULL	2017-04-19 16:10:01
2017-04-04	0.18526993207007508	0.25813953488372093	0.10401459854014598	0.20766550522648083	0.29577464788732394	0.23076923076923078	0.16173120728929385	0.2143928035982009	0.1733232856066315	0.09158415841584158	0.0	0.07853403141361257	0.19325842696629214	0.04310344827586207	0.15384615384615385	0.2668918918918919	0.1318267419962335	0.09912536443148688	0.0	0.6666666666666666	0.40404040404040403	0.1334841628959276	0.14942528735632185	0.0	0.05673758865248227	0.45693347783454613	0.182328190743338	NULL	2017-04-19 16:12:43
2017-04-05	0.11410374462860651	0.14639905548996457	1.5	0.09503239740820735	0.11480042387848817	0.1746031746031746	0.0	0.08355795148247978	0.07961783439490445	0.08455954483029234	0.09322033898305085	0.0	0.08345120226308345	0.12289855072463768	0.3203125	0.0	0.12652068126520682	0.1343669250645995	0.09808612440191387	0.22549019607843138	0.01910828025477707	0.15275590551181104	0.11904761904761904	0.0	0.08333333333333333	0.4280089988751406	0.119483019386773	NULL	2017-04-19 16:17:00
2017-04-06	0.1409759399421574	0.11669658886894076	1.0909090909090908	0.12954545454545455	0.14709371293001186	0.16666666666666666	0.35	0.12200435729847495	0.07048458149779736	0.11090092220383069	0.0653950953678474	0.0	0.19088937093275488	0.13283828382838284	0.08974358974358974	0.0	0.18579234972677597	0.10815307820299501	0.1053864168618267	0.10416666666666667	0.08275862068965517	0.17684210526315788	0.17045454545454544	0.0	0.125	0.31235296386285627	0.14159915463191264	NULL	2017-04-19 16:21:41
2017-04-07	0.16079381713387478	0.10361842105263158	0.0	0.12018140589569161	0.12380344607530312	0.125	0.0	0.1262135922330097	0.16275167785234898	0.14803231691425592	0.18295739348370926	0.0	0.13365155131264916	0.08535630383711824	0.0594059405940594	0.0	0.09792284866468842	0.0893970893970894	0.09608540925266904	0.1111111111111111	0.0	0.1885245901639344	0.20566037735849058	0.07777777777777778	0.0	0.13815789473684212	0.37588254547154815	0.2049212598425197	2017-04-19 16:26:27
2017-04-08	0.17326695330768652	0.13701431492842536	0.0	0.10515021459227468	0.2823076923076923	0.07692307692307693	0.25	0.14425427872860636	0.13034188034188035	0.19191655801825294	0.12437810945273632	0.0	0.043557168784029036	0.1400198609731877	0.15476190476190477	0.0	0.16304347826086957	0.1044776119402985	0.1174785100286533	0.12698412698412698	0.1935483870967742	0.15955056179775282	0.04819277108433735	0.0	0.27692307692307694	0.436941251596424	0.15676832530765114	NULL	2017-04-19 16:34:07
2017-04-09	0.16682646212847554	0.08629441624365482	0.0	0.10899182561307902	0.23330365093499555	0.16981132075471697	0.2222222222222222	0.13043478260869565	0.196	0.1617280531708668	0.2336448598130841	0.0	0.14189189189189189	0.24508966695132364	0.17054263565891473	0.125	0.39631336405529954	0.14502164502164502	0.23076923076923078	0.17777777777777778	0.12307692307692308	0.20238095238095238	0.8157894736842105	0.09219858156028368	0.41494832492885314	0.17058919006654763	NULL	NULL	2017-04-19 16:41:04
2017-04-10	0.14424657534246577	0.0949367088607595	0.0	0.08719346049046321	0.16768759571209801	0.0	0.16666666666666666	0.0771513353115727	0.11500974658869395	0.1414027149321267	0.10239651416122005	0.0	0.05905511811023622	0.12475633528265107	0.013333333333333334	0.10526315789473684	0.13404255319148936	0.12998266897746968	0.11255411255411256	0.4166666666666667	0.11464968152866242	0.08117443868739206	0.2235294117647059	0.3333333333333333	0.10552763819095477	0.40049375942943355	0.15274005432177665	NULL	2017-04-19 16:43:41
2017-04-11	0.12712642436679808	0.10743801652892562	0.0	0.06801007556675064	0.18483965014577258	0.0	0.08333333333333333	0.12860892388451445	0.1510673234811166	0.1658280922431866	0.07488986784140969	0.03125	0.07335907335907337	0.15975103734439833	0.03614457831325301	0.2786885245901639	0.10849056603773585	0.050955414012738856	0.06417112299465241	0.22972972972972974	0.0	0.11374407582938388	0.15439093484419264	0.12149532710280374	0.6	0.2080536912751678	0.418476080074903	0.12463126843657817	2017-04-19 16:49:06
2017-04-12	0.12344381992961076	0.12135922330097088	0.0	0.1279317697228145	0.14185750636132316	0.10126582278481013	0.10526315789473684	0.24615384615384617	0.2383612662942272	0.16253502910109938	0.24772727272727274	0.0	0.09482758620689655	0.13439635535307518	0.06097560975609756	0.0	0.23122529644268774	0.09563758389261745	0.1686046511627907	0.025423728813559324	0.0	0.2	0.1224105461393597	0.01098901098901099	0.1	0.06569343065693431	0.4039931648529544	0.12984195847536412	2017-04-19 16:51:55
2017-04-13	0.16876369327073554	0.13916500994035785	0.46153846153846156	0.11548556430446194	0.14662960389159138	0.14893617021276595	0.1891891891891892	0.21301775147928995	0.16973415132924335	0.15924032140248356	0.1388235294117647	0.16	0.129979035639413	0.12972972972972974	0.0625	0.7222222222222222	0.18993135011441648	0.11007025761124122	0.12607449856733524	0.10687022900763359	0.0	0.18382352941176472	0.15855855855855855	0.0	0.0	0.06716417910447761	0.42492792193390994	0.19076469625020467	2017-04-19 16:55:27
2017-04-14	0.10829862223646267	0.07481296758104738	0.0	0.08280254777070063	0.212618841832325	0.2777777777777778	0.0	0.2354948805460751	0.16428571428571428	0.17636363636363636	0.06313131313131314	0.045454545454545456	0.08459214501510574	0.12465627864344637	0.13253012048192772	0.0	0.11737089201877934	0.12836438923395446	0.5228571428571429	0.25	0.0	0.03669724770642202	0.07611548556430446	0.04081632653061224	0.0	0.14049586776859505	0.40707916187975274	0.14648295866569977	2017-04-19 16:59:05
2017-04-15	0.08022243962720767	0.08070175438596491	0.09634551495016612	0.16912599318955732	0.32	0.0	0.1261682242990654	0.15921787709497207	0.16569856313054113	0.08743169398907104	0.0	0.14485981308411214	0.10805084745762712	0.05660377358490566	0.0	0.10344827586206896	0.06205250596658711	0.17167381974248927	0.22340425531914893	0.0	0.03225806451612903	0.08719346049046321	0.02127659574468085	0.0	0.02564102564102564	0.37852468768590125	0.19373219373219372	NULL	2017-04-19 17:01:18
2017-04-16	0.06939475618720901	0.12643678160919541	0.10579345088161209	0.1967741935483871	0.08	0.0	0.1391304347826087	0.20520231213872833	0.13559322033898305	0.08	0.023255813953488372	0.046511627906976744	0.22936763129689175	0.05504587155963303	0.08	0.3106060606060606	0.17494089834515367	0.13268608414239483	0.2028985507246377	0.09734513274336283	0.34551495016611294	0.21052631578947367	0.0	0.0821917808219178	0.41574718157831614	0.20062522986392056	NULL	NULL	2017-04-19 17:09:21
2017-04-17	0.07957388079013197	0.055288461538461536	0.0	0.08950617283950617	0.19440654843110505	0.0625	0.0	0.27611940298507465	0.11634349030470914	0.17023809523809524	0.12926829268292683	0.0	0.0728862973760933	0.13834726090993502	0.16326530612244897	0.25	0.07575757575757576	0.13798219584569732	0.08169934640522876	0.19298245614035087	0.0	0.15873015873015872	0.1478743068391867	0.0	0.0	0.19138755980861244	0.38813027744270207	0.15286624203821655	2017-04-19 17:11:23
2017-04-18	0.0716637852967811	0.12142857142857143	0.0	0.14963503649635038	0.11421725239616613	0.16216216216216217	0.038461538461538464	0.11363636363636363	0.20980392156862746	0.14837750805053257	0.1076555023923445	0.0	0.06722689075630252	0.1622103386809269	0.035398230088495575	0.0	0.08737864077669903	0.12008733624454149	0.1524390243902439	0.06930693069306931	0.0	0.07142857142857142	0.09867172675521822	0.1746031746031746	0.3	0.062146892655367235	0.38935257226387515	0.1474737532808399	2017-04-19 17:18:04
